<?xml version="1.0" encoding="UTF-8"?>
<databaseChangeLog
        xmlns="http://www.liquibase.org/xml/ns/dbchangelog"
        xmlns:xsi="http://www.w3.org/2001/XMLSchema-instance"
        xsi:schemaLocation="http://www.liquibase.org/xml/ns/dbchangelog
                      http://www.liquibase.org/xml/ns/dbchangelog/dbchangelog-4.4.xsd">

    <changeSet id="001-create-tables" author="author">
        <createTable tableName="tbl_user">
            <column name="id" type="BIGINT" autoIncrement="true">
                <constraints primaryKey="true" nullable="false"/>
            </column>
            <column name="login" type="VARCHAR(255)">
                <constraints nullable="false" unique="true"/>
            </column>
            <column name="password" type="VARCHAR(255)">
                <constraints nullable="false"/>
            </column>
            <column name="first_name" type="VARCHAR(255)">
                <constraints nullable="false"/>
            </column>
            <column name="last_name" type="VARCHAR(255)">
                <constraints nullable="false"/>
            </column>
        </createTable>

        <createTable tableName="tbl_topic">
            <column name="id" type="BIGINT" autoIncrement="true">
                <constraints primaryKey="true" nullable="false"/>
            </column>
            <column name="name" type="VARCHAR(255)">
                <constraints nullable="false"/>
            </column>
            <column name="user_id" type="BIGINT">
                <constraints nullable="false" foreignKeyName="fk_topic_user" references="tbl_user(id)"/>
            </column>
        </createTable>

        <createTable tableName="tbl_message">
            <column name="id" type="BIGINT" autoIncrement="true">
                <constraints primaryKey="true" nullable="false"/>
            </column>
            <column name="content" type="TEXT">
                <constraints nullable="false"/>
            </column>
            <column name="topic_id" type="BIGINT">
                <constraints nullable="false" foreignKeyName="fk_message_topic" references="tbl_topic(id)"/>
            </column>
            <column name="created_at" type="TIMESTAMP">
                <constraints nullable="false"/>
            </column>
        </createTable>

        <createTable tableName="tbl_mark">
            <column name="id" type="BIGINT" autoIncrement="true">
                <constraints primaryKey="true" nullable="false"/>
            </column>
            <column name="name" type="VARCHAR(255)">
                <constraints nullable="false"/>
            </column>
        </createTable>

        <createTable tableName="tbl_topic_mark">
            <column name="topic_id" type="BIGINT">
                <constraints nullable="false" foreignKeyName="fk_topic_mark_topic" references="tbl_topic(id)"/>
            </column>
            <column name="mark_id" type="BIGINT">
                <constraints nullable="false" foreignKeyName="fk_topic_mark_mark" references="tbl_mark(id)"/>
            </column>
        </createTable>
    </changeSet>

</databaseChangeLog> 